dataTime,so2Value,coValue,o3Value,no2Value,pm10Value,pm25Value
2021120816,0.013000000000000001,0.6,0.031,0.006999999999999999,66,25
2021120817,0.007,0.6,0.032,0.006,50,27
