dataTime,so2Value,coValue,o3Value,no2Value,pm10Value,pm25Value
2021120816,0.002,0.3,0.018000000000000002,0.026000000000000002,17,6
2021120817,0.003,0.4,0.009,0.036,18,6
