dataTime,so2Value,coValue,o3Value,no2Value,pm10Value,pm25Value
2021120816,,,0.027999999999999997,0.018000000000000002,15,6
2021120817,,,0.026,0.020,16,9
