dataTime,so2Value,coValue,o3Value,no2Value,pm10Value,pm25Value
2021120816,0.003,0.4,0.027999999999999997,0.011000000000000001,14,6
2021120817,0.003,0.4,0.025,0.014,21,5
